{"cameraMode":{"drawMode":0,"name":"Shaded","section":"Shading Mode"},"sceneLighting":true,"audioPlay":false,"sceneViewState":{"m_AlwaysRefresh":false,"showFog":true,"showSkybox":true,"showFlares":true,"showImageEffects":true,"showParticleSystems":true,"showVisualEffectGraphs":true,"m_FxEnabled":true},"in2DMode":false,"pivot":{"x":0.662705659866333,"y":3.0308799743652345,"z":-2.1262855529785158},"rotation":{"x":-0.53605717420578,"y":-0.010890991427004338,"z":0.006916884798556566,"w":-0.8440870046615601},"size":15.920393943786621,"orthographic":false}